{"cameraMode":{"drawMode":0,"name":"Shaded","section":"Shading Mode"},"sceneLighting":false,"audioPlay":false,"sceneViewState":{"m_AlwaysRefresh":false,"showFog":true,"showSkybox":false,"showFlares":true,"showImageEffects":true,"showParticleSystems":true,"showVisualEffectGraphs":true,"m_FxEnabled":true},"in2DMode":false,"pivot":{"x":1.6904628276824952,"y":1.3252028226852418,"z":-1.6623893976211548},"rotation":{"x":-0.13287824392318726,"y":0.6485540270805359,"z":-0.11643562465906143,"w":-0.7403700947761536},"size":1.4555572271347047,"orthographic":false}