{"cameraMode":{"drawMode":0,"name":"Shaded","section":"Shading Mode"},"sceneLighting":false,"audioPlay":false,"sceneViewState":{"m_AlwaysRefresh":false,"showFog":true,"showSkybox":false,"showFlares":true,"showImageEffects":true,"showParticleSystems":true,"showVisualEffectGraphs":true,"m_FxEnabled":true},"in2DMode":false,"pivot":{"x":1.0738439559936524,"y":0.08542513847351074,"z":2.640047073364258},"rotation":{"x":-0.24659736454486848,"y":0.6209434270858765,"z":-0.2150082290172577,"w":-0.7122994661331177},"size":3.2658464908599855,"orthographic":false}