{"cameraMode":{"drawMode":0,"name":"Shaded","section":"Shading Mode"},"sceneLighting":true,"audioPlay":false,"sceneViewState":{"m_AlwaysRefresh":false,"showFog":true,"showSkybox":true,"showFlares":true,"showImageEffects":true,"showParticleSystems":true,"showVisualEffectGraphs":true,"m_FxEnabled":true},"in2DMode":false,"pivot":{"x":-0.18456992506980897,"y":1.4939579963684083,"z":0.4426324665546417},"rotation":{"x":-0.14049682021141053,"y":-0.024660855531692506,"z":0.0034737633541226389,"w":-0.9897606372833252},"size":6.297285556793213,"orthographic":false}