{"cameraMode":{"drawMode":0,"name":"Shaded","section":"Shading Mode"},"sceneLighting":true,"audioPlay":false,"sceneViewState":{"m_AlwaysRefresh":false,"showFog":true,"showSkybox":true,"showFlares":true,"showImageEffects":true,"showParticleSystems":true,"showVisualEffectGraphs":true,"m_FxEnabled":true},"in2DMode":false,"pivot":{"x":0.015724066644906999,"y":0.9270803332328796,"z":0.05373448133468628},"rotation":{"x":-0.05846052244305611,"y":-0.02186955325305462,"z":0.0012517450377345086,"w":-0.998045802116394},"size":0.9347941279411316,"orthographic":false}