{"cameraMode":{"drawMode":0,"name":"Shaded","section":"Shading Mode"},"sceneLighting":true,"audioPlay":false,"sceneViewState":{"m_AlwaysRefresh":false,"showFog":true,"showSkybox":true,"showFlares":true,"showImageEffects":true,"showParticleSystems":true,"showVisualEffectGraphs":true,"m_FxEnabled":true},"in2DMode":false,"pivot":{"x":0.4554164409637451,"y":3.720057249069214,"z":4.752136707305908},"rotation":{"x":-0.1715366095304489,"y":-0.03635573387145996,"z":0.006305302027612925,"w":-0.9844813942909241},"size":11.519532203674317,"orthographic":false}