{"cameraMode":{"drawMode":0,"name":"Shaded","section":"Shading Mode"},"sceneLighting":true,"audioPlay":false,"sceneViewState":{"m_AlwaysRefresh":false,"showFog":true,"showSkybox":true,"showFlares":true,"showImageEffects":true,"showParticleSystems":true,"showVisualEffectGraphs":true,"m_FxEnabled":true},"in2DMode":false,"pivot":{"x":0.6925671100616455,"y":15.762372970581055,"z":18.305295944213868},"rotation":{"x":-0.23804831504821778,"y":0.09363694489002228,"z":-0.023093365132808687,"w":-0.9664499163627625},"size":0.12270045280456543,"orthographic":false}