{"cameraMode":{"drawMode":0,"name":"Shaded","section":"Shading Mode"},"sceneLighting":true,"audioPlay":false,"sceneViewState":{"m_AlwaysRefresh":false,"showFog":true,"showSkybox":true,"showFlares":true,"showImageEffects":true,"showParticleSystems":true,"showVisualEffectGraphs":true,"m_FxEnabled":true},"in2DMode":false,"pivot":{"x":0.5969628095626831,"y":1.4607733488082886,"z":3.9599223136901857},"rotation":{"x":-0.01940513774752617,"y":0.9744729995727539,"z":-0.20343655347824098,"w":-0.09295190870761872},"size":0.8660253882408142,"orthographic":false}