{"cameraMode":{"drawMode":0,"name":"Shaded","section":"Shading Mode"},"sceneLighting":false,"audioPlay":false,"sceneViewState":{"m_AlwaysRefresh":false,"showFog":true,"showSkybox":false,"showFlares":true,"showImageEffects":true,"showParticleSystems":true,"showVisualEffectGraphs":true,"m_FxEnabled":true},"in2DMode":false,"pivot":{"x":0.21189069747924806,"y":-0.09829604625701904,"z":0.12435269355773926},"rotation":{"x":-0.26345232129096987,"y":0.3604854941368103,"z":-0.10693679004907608,"w":-0.888363242149353},"size":1.794897437095642,"orthographic":false}