{"cameraMode":{"drawMode":0,"name":"Shaded","section":"Shading Mode"},"sceneLighting":false,"audioPlay":false,"sceneViewState":{"m_AlwaysRefresh":false,"showFog":true,"showSkybox":false,"showFlares":true,"showImageEffects":true,"showParticleSystems":true,"showVisualEffectGraphs":true,"m_FxEnabled":true},"in2DMode":false,"pivot":{"x":-0.7313358783721924,"y":-3.3654212951660158,"z":2.1429896354675295},"rotation":{"x":-0.30411240458488467,"y":-0.0008725404040887952,"z":0.000248761847615242,"w":-0.9526324272155762},"size":7.96790075302124,"orthographic":false}