{"cameraMode":{"drawMode":0,"name":"Shaded","section":"Shading Mode"},"sceneLighting":false,"audioPlay":false,"sceneViewState":{"m_AlwaysRefresh":false,"showFog":true,"showSkybox":false,"showFlares":true,"showImageEffects":true,"showParticleSystems":true,"showVisualEffectGraphs":true,"m_FxEnabled":true},"in2DMode":false,"pivot":{"x":-0.0019887685775756838,"y":0.619217038154602,"z":-0.04970011115074158},"rotation":{"x":-0.29018041491508486,"y":0.08082091808319092,"z":-0.0246335007250309,"w":-0.9532298445701599},"size":0.9764520525932312,"orthographic":false}