{"cameraMode":{"drawMode":0,"name":"Shaded","section":"Shading Mode"},"sceneLighting":false,"audioPlay":false,"sceneViewState":{"m_AlwaysRefresh":false,"showFog":true,"showSkybox":false,"showFlares":true,"showImageEffects":true,"showParticleSystems":true,"showVisualEffectGraphs":true,"m_FxEnabled":true},"in2DMode":false,"pivot":{"x":0.8649665117263794,"y":2.1009747982025148,"z":-1.7438488006591797},"rotation":{"x":-0.10430316627025604,"y":0.6929625272750855,"z":-0.10241968929767609,"w":-0.7059850096702576},"size":0.8968348503112793,"orthographic":false}