{"cameraMode":{"drawMode":0,"name":"Shaded","section":"Shading Mode"},"sceneLighting":false,"audioPlay":false,"sceneViewState":{"m_AlwaysRefresh":false,"showFog":true,"showSkybox":false,"showFlares":true,"showImageEffects":true,"showParticleSystems":true,"showVisualEffectGraphs":true,"m_FxEnabled":true},"in2DMode":false,"pivot":{"x":1.2020959854125977,"y":1.0547856092453004,"z":2.9212772846221926},"rotation":{"x":-0.15578603744506837,"y":0.6486653685569763,"z":-0.13808153569698335,"w":-0.7320378422737122},"size":2.725191354751587,"orthographic":false}